gov_id,last_name,first_name,party,state
412674,Darin,LaHood,Republican Party,IL
412673,Trent,Kelly,Republican Party,MS
412672,Daniel,Donovan,Republican Party,NY
412671,Benjamin,Sasse,Republican Party,NE
412670,Mark,Walker,Republican Party,NC
412669,Mike,Rounds,Republican Party,SD
412668,Thom,Tillis,Republican Party,NC
412667,Joni,Ernst,Republican Party,IA
412666,David,Perdue,Republican Party,GA
412665,Dan,Sullivan,Republican Party,AK
412664,Aumua,Amata,Republican Party,AS
412663,Evan,Jenkins,Republican Party,WV
412662,Alex,Mooney,Republican Party,WV
412661,Glenn,Grothman,Republican Party,WI
412660,Dan,Newhouse,Republican Party,WA
412659,Stacey,Plaskett,Democratic Party,VI
412658,Barbara,Comstock,Republican Party,VA
412657,Donald,Beyer,Democratic Party,VA
412656,Mia,Love,Republican Party,UT
412655,Brian,Babin,Republican Party,TX
412654,Will,Hurd,Republican Party,TX
412653,John,Ratcliffe,Republican Party,TX
412652,Brendan,Boyle,Democratic Party,PA
412651,Ryan,Costello,Republican Party,PA
412650,Steve,Russell,Republican Party,OK
412649,John,Katko,Republican Party,NY
412648,Elise,Stefanik,Republican Party,NY
412647,Kathleen,Rice,Democratic Party,NY
412646,Lee,Zeldin,Republican Party,NY
412645,Cresent,Hardy,Republican Party,NV
412644,Bonnie,Watson Coleman,Democratic Party,NJ
412643,Tom,MacArthur,Republican Party,NJ
412642,Brad,Ashford,Democratic Party,NE
412641,David,Rouzer,Republican Party,NC
412640,Ryan,Zinke,Republican Party,MT
412639,Tom,Emmer,Republican Party,MN
412638,Brenda,Lawrence,Democratic Party,MI
412637,Debbie,Dingell,Democratic Party,MI
412636,Dave,Trott,Republican Party,MI
412635,Mike,Bishop,Republican Party,MI
412634,John,Moolenaar,Republican Party,MI
412633,Bruce,Poliquin,Republican Party,ME
412632,Seth,Moulton,Democratic Party,MA
412631,Garret,Graves,Republican Party,LA
412630,Ralph,Abraham,Republican Party,LA
412629,Mike,Bost,Republican Party,IL
412628,David,Young,Republican Party,IA
412627,Rod,Blum,Republican Party,IA
412626,Mark,Takai,Democratic Party,HI
412625,Rick,Allen,Republican Party,GA
412236,Steve,Cohen,Democratic Party,TN
412271,Mike,Coffman,Republican Party,CO
402675,Daniel,Coats,Republican Party,IN
400075,James,Clyburn,Democratic Party,SC
400639,Emanuel,Cleaver,Democratic Party,MO
400074,Wm.,Clay,Democratic Party,MO
412221,Yvette,Clarke,Democratic Party,NY
412470,David,Cicilline,Democratic Party,RI
412379,Judy,Chu,Democratic Party,CA
412270,Jason,Chaffetz,Republican Party,UT
400071,Steve,Chabot,Republican Party,OH
412195,Kathy,Castor,Democratic Party,FL
412269,Bill,Cassidy,Republican Party,LA
400068,John,Carter,Republican Party,TX
412258,André,Carson,Democratic Party,IN
412407,John,Carney,Democratic Party,DE
400063,Michael,Capuano,Democratic Party,MA
400062,Lois,Capps,Democratic Party,CA
400061,Shelley,Capito,Republican Party,WV
400057,Ken,Calvert,Republican Party,CA
400616,George,Butterfield,Democratic Party,NC
400054,Richard,Burr,Republican Party,NC
400052,Michael,Burgess,Republican Party,TX
412427,Larry,Bucshon,Republican Party,IN
412196,Vern,Buchanan,Republican Party,FL
400048,Corrine,Brown,Democratic Party,FL
412395,Mo,Brooks,Republican Party,AL
400047,Robert,Brady,Democratic Party,PA
400046,Kevin,Brady,Republican Party,TX
300011,Barbara,Boxer,Democratic Party,CA
400636,Charles,Boustany,Republican Party,LA
400041,Madeleine,Bordallo,Democratic Party,GU
400040,John,Boozman,Republican Party,AR
400034,Roy,Blunt,Republican Party,MO
412490,Richard,Blumenthal,Democratic Party,CT
400033,Earl,Blumenauer,Democratic Party,OR
400032,Marsha,Blackburn,Republican Party,TN
412478,Diane,Black,Republican Party,TN
400030,Sanford,Bishop,Democratic Party,GA
400029,Rob,Bishop,Republican Party,UT
412250,Gus,Bilirakis,Republican Party,FL
412330,Michael,Bennet,Democratic Party,CO
412436,Dan,Benishek,Republican Party,MI
400021,Xavier,Becerra,Democratic Party,CA
412404,Karen,Bass,Democratic Party,CA
400018,Joe,Barton,Republican Party,TX
412469,Lou,Barletta,Republican Party,PA
400013,Tammy,Baldwin,Democratic Party,WI
412493,Kelly,Ayotte,Republican Party,NH
412438,Justin,Amash,Republican Party,MI
400004,Robert,Aderholt,Republican Party,AL
412391,Joe,Manchin,Democratic Party,WV
412390,Chris,Coons,Democratic Party,DE
412378,Alan,Franken,Democratic Party,MN
412223,Kirsten,Gillibrand,Democratic Party,NY
412321,Mark,Warner,Democratic Party,VA
400413,Tom,Udall,Democratic Party,NM
412323,Jeanne,Shaheen,Democratic Party,NH
300088,Jefferson,Sessions,Republican Party,AL
300083,Pat,Roberts,Republican Party,KS
412322,James,Risch,Republican Party,ID
300081,John,Reed,Democratic Party,RI
412325,Jeff,Merkley,Democratic Party,OR
300072,Mitch,McConnell,Republican Party,KY
300055,James,Inhofe,Republican Party,OK
300047,Lindsey,Graham,Republican Party,SC
300041,Michael,Enzi,Republican Party,WY
300038,Richard,Durbin,Democratic Party,IL
300027,John,Cornyn,Republican Party,TX
300025,Susan,Collins,Republican Party,ME
300023,Thad,Cochran,Republican Party,MS
300002,Lamar,Alexander,Republican Party,TN
400432,Roger,Wicker,Republican Party,MS
412251,John,Barrasso,Republican Party,WY
412247,Sheldon,Whitehouse,Democratic Party,RI
412244,Jon,Tester,Democratic Party,MT
300093,Debbie,Stabenow,Democratic Party,MI
400357,Bernard,Sanders,Independent,VT
300078,Bill,Nelson,Democratic Party,FL
400272,Robert,Menéndez,Democratic Party,NJ
412243,Claire,McCaskill,Democratic Party,MO
412242,Amy,Klobuchar,Democratic Party,MN
300052,Orrin,Hatch,Republican Party,UT
300043,Dianne,Feinstein,Democratic Party,CA
412248,Bob,Corker,Republican Party,TN
412246,Robert,Casey,Democratic Party,PA
300019,Thomas,Carper,Democratic Party,DE
400064,Benjamin,Cardin,Democratic Party,MD
300018,Maria,Cantwell,Democratic Party,WA
400050,Sherrod,Brown,Democratic Party,OH
412624,Barry,Loudermilk,Republican Party,GA
412623,Jody,Hice,Republican Party,GA
412622,Buddy,Carter,Republican Party,GA
412621,Carlos,Curbelo,Republican Party,FL
412620,Gwen,Graham,Democratic Party,FL
412619,Ken,Buck,Republican Party,CO
412618,Mimi,Walters,Republican Party,CA
412617,Norma,Torres,Democratic Party,CA
412616,Ted,Lieu,Democratic Party,CA
412615,Pete,Aguilar,Democratic Party,CA
412614,Steve,Knight,Republican Party,CA
412613,Mark,DeSaulnier,Democratic Party,CA
412612,Ruben,Gallego,Democratic Party,AZ
412611,Martha,McSally,Republican Party,AZ
412610,Bruce,Westerman,Republican Party,AR
412609,French,Hill,Republican Party,AR
412608,Gary,Palmer,Republican Party,AL
412607,Alma,Adams,Democratic Party,NC
412606,Donald,Norcross,Democratic Party,NJ
412605,David,Brat,Republican Party,VA
412604,Curtis,Clawson,Republican Party,FL
412603,David,Jolly,Republican Party,FL
412601,Bradley,Byrne,Republican Party,AL
412600,Katherine,Clark,Democratic Party,MA
412598,Cory,Booker,Democratic Party,NJ
412596,Jason,Smith,Republican Party,MO
412595,Robin,Kelly,Democratic Party,IL
412585,Mark,Pocan,Democratic Party,WI
412584,Denny,Heck,Democratic Party,WA
412583,Derek,Kilmer,Democratic Party,WA
412582,Timothy,Kaine,Democratic Party,VA
412581,Chris,Stewart,Republican Party,UT
412580,Filemon,Vela,Democratic Party,TX
412579,Marc,Veasey,Democratic Party,TX
412578,Roger,Williams,Republican Party,TX
412576,Joaquin,Castro,Democratic Party,TX
412575,Beto,O_Rourke,Democratic Party,TX
412574,Randy,Weber,Republican Party,TX
412573,Ted,Cruz,Republican Party,TX
412572,Tom,Rice,Republican Party,SC
412571,Matthew,Cartwright,Democratic Party,PA
412570,Keith,Rothfus,Republican Party,PA
412569,Scott,Perry,Republican Party,PA
412568,Markwayne,Mullin,Republican Party,OK
412567,Jim,Bridenstine,Republican Party,OK
412566,David,Joyce,Republican Party,OH
412565,Joyce,Beatty,Democratic Party,OH
412564,Brad,Wenstrup,Republican Party,OH
412563,Chris,Collins,Republican Party,NY
412562,Sean,Maloney,Democratic Party,NY
412561,Hakeem,Jeffries,Democratic Party,NY
412560,Grace,Meng,Democratic Party,NY
412558,Michelle,Lujan Grisham,Democratic Party,NM
412557,Ann,Kuster,Democratic Party,NH
412556,Deb,Fischer,Republican Party,NE
412555,Kevin,Cramer,Republican Party,ND
412554,Heidi,Heitkamp,Democratic Party,ND
412553,George,Holding,Republican Party,NC
412552,Mark,Meadows,Republican Party,NC
412551,Robert,Pittenger,Republican Party,NC
412550,Richard,Hudson,Republican Party,NC
412549,Steve,Daines,Republican Party,MT
412548,Ann,Wagner,Republican Party,MO
412546,Daniel,Kildee,Democratic Party,MI
412545,Angus,King,Independent,ME
412544,John,Delaney,Democratic Party,MD
412543,Joseph,Kennedy,Democratic Party,MA
412542,Elizabeth,Warren,Democratic Party,MA
412541,Garland,Barr,Republican Party,KY
412540,Luke,Messer,Republican Party,IN
412539,Susan,Brooks,Republican Party,IN
412538,Jackie,Walorski,Republican Party,IN
412537,Cheri,Bustos,Democratic Party,IL
412536,Rodney,Davis,Republican Party,IL
412533,Tammy,Duckworth,Democratic Party,IL
412532,Tulsi,Gabbard,Democratic Party,HI
412531,Doug,Collins,Republican Party,GA
412529,Lois,Frankel,Democratic Party,FL
412527,Patrick,Murphy,Democratic Party,FL
412526,Ron,DeSantis,Republican Party,FL
412525,Ted,Yoho,Republican Party,FL
412524,Elizabeth,Esty,Democratic Party,CT
412523,Scott,Peters,Democratic Party,CA
412522,Juan,Vargas,Democratic Party,CA
412521,Alan,Lowenthal,Democratic Party,CA
412520,Mark,Takano,Democratic Party,CA
412519,Raul,Ruiz,Democratic Party,CA
412517,Tony,Cárdenas,Democratic Party,CA
412516,Julia,Brownley,Democratic Party,CA
412515,David,Valadao,Republican Party,CA
412514,Eric,Swalwell,Democratic Party,CA
412513,Paul,Cook,Republican Party,CA
412512,Ami,Bera,Democratic Party,CA
412511,Jared,Huffman,Democratic Party,CA
412510,Doug,LaMalfa,Republican Party,CA
412509,Kyrsten,Sinema,Democratic Party,AZ
412508,Tom,Cotton,Republican Party,AR
412507,Brian,Schatz,Democratic Party,HI
412318,Dina,Titus,Democratic Party,NV
412286,Ann,Kirkpatrick,Democratic Party,AZ
412276,Alan,Grayson,Democratic Party,FL
412257,Bill,Foster,Democratic Party,IL
400607,Marshall,Sanford,Republican Party,SC
400606,Matt,Salmon,Republican Party,AZ
408211,Richard,Nolan,Democratic Party,MN
412506,Donald,Payne,Democratic Party,NJ
412503,Thomas,Massie,Republican Party,KY
412505,Suzan,DelBene,Democratic Party,WA
412501,Suzanne,Bonamici,Democratic Party,OR
412500,Mark,Amodei,Republican Party,NV
412498,Janice,Hahn,Democratic Party,CA
412218,Dean,Heller,Republican Party,NV
412428,Todd,Young,Republican Party,IN
400440,Don,Young,Republican Party,AK
412430,Kevin,Yoder,Republican Party,KS
412211,John,Yarmuth,Democratic Party,KY
300100,Ron,Wyden,Democratic Party,OR
412416,Rob,Woodall,Republican Party,GA
412402,Steve,Womack,Republican Party,AR
412255,Robert,Wittman,Republican Party,VA
412412,Frederica,Wilson,Democratic Party,FL
400433,Joe,Wilson,Republican Party,SC
400431,Ed,Whitfield,Republican Party,KY
400627,Lynn,Westmoreland,Republican Party,GA
412239,Peter,Welch,Democratic Party,VT
412410,Daniel,Webster,Republican Party,FL
400422,Maxine,Waters,Democratic Party,CA
400623,Debbie,Wasserman Schultz,Democratic Party,FL
412214,Timothy,Walz,Democratic Party,MN
400419,Greg,Walden,Republican Party,OR
412213,Tim,Walberg,Republican Party,MI
400418,David,Vitter,Republican Party,LA
400417,Peter,Visclosky,Democratic Party,IN
400416,Nydia,Velázquez,Democratic Party,NY
400415,Chris,Van Hollen,Democratic Party,MD
400414,Fred,Upton,Republican Party,MI
400411,Michael,Turner,Republican Party,OH
412254,Niki,Tsongas,Democratic Party,MA
400408,Patrick,Toomey,Republican Party,PA
412319,Paul,Tonko,Democratic Party,NY
412405,Scott,Tipton,Republican Party,CO
400406,Patrick,Tiberi,Republican Party,OH
400546,John,Thune,Republican Party,SD
400404,Mac,Thornberry,Republican Party,TX
412317,Glenn,Thompson,Republican Party,PA
400403,Mike,Thompson,Democratic Party,CA
400402,Bennie,Thompson,Democratic Party,MS
400355,Linda,Sánchez,Democratic Party,CA
412392,Marlin,Stutzman,Republican Party,IN
412461,Steve,Stivers,Republican Party,OH
412259,Jackie,Speier,Democratic Party,CA
400381,Lamar,Smith,Republican Party,TX
400380,Christopher,Smith,Republican Party,NJ
412217,Adrian,Smith,Republican Party,NE
400379,Adam,Smith,Democratic Party,WA
400378,Louise,Slaughter,Democratic Party,NY
412186,Albio,Sires,Democratic Party,NJ
400376,Michael,Simpson,Republican Party,ID
409888,Bill,Shuster,Republican Party,PA
400373,John,Shimkus,Republican Party,IL
400371,Brad,Sherman,Democratic Party,CA
300089,Richard,Shelby,Republican Party,AL
412396,Terri,Sewell,Democratic Party,AL
400367,Pete,Sessions,Republican Party,TX
400366,José,Serrano,Democratic Party,NY
400365,F.,Sensenbrenner,Republican Party,WI
412471,Tim,Scott,Republican Party,SC
400364,Robert,Scott,Democratic Party,VA
400363,David,Scott,Democratic Party,GA
412417,Austin,Scott,Republican Party,GA
412399,David,Schweikert,Republican Party,AZ
300087,Charles,Schumer,Democratic Party,NY
412315,Kurt,Schrader,Democratic Party,OR
400361,Adam,Schiff,Democratic Party,CA
400360,Janice,Schakowsky,Democratic Party,IL
412261,Steve,Scalise,Republican Party,LA
412212,John,Sarbanes,Democratic Party,MD
400356,Loretta,Sanchez,Democratic Party,CA
412312,Gregorio,Sablan,Independent,MP
400352,Tim,Ryan,Democratic Party,OH
400351,Paul,Ryan,Republican Party,WI
400350,Bobby,Rush,Democratic Party,IL
400349,C.,Ruppersberger,Democratic Party,MD
412491,Marco,Rubio,Republican Party,FL
400348,Edward,Royce,Republican Party,CA
400347,Lucille,Roybal-Allard,Democratic Party,CA
412411,Dennis,Ross,Republican Party,FL
412202,Peter,Roskam,Republican Party,IL
400344,Ileana,Ros-Lehtinen,Republican Party,FL
412311,Thomas,Rooney,Republican Party,FL
412426,Todd,Rokita,Republican Party,IN
400343,Dana,Rohrabacher,Republican Party,CA
400341,Mike,Rogers,Republican Party,AL
400340,Harold,Rogers,Republican Party,KY
412310,David,Roe,Republican Party,TN
412394,Martha,Roby,Republican Party,AL
412483,Edward,Rigell,Republican Party,VA
412432,Cedric,Richmond,Democratic Party,LA
412489,Reid,Ribble,Republican Party,WI
412462,James,Renacci,Republican Party,OH
300082,Harry,Reid,Democratic Party,NV
400660,David,Reichert,Republican Party,WA
412393,Tom,Reed,Republican Party,NY
400333,Charles,Rangel,Democratic Party,NY
412331,Mike,Quigley,Democratic Party,IL
400626,Tom,Price,Republican Party,GA
400326,David,Price,Democratic Party,NC
412309,Bill,Posey,Republican Party,FL
400325,Robert,Portman,Republican Party,OH
412431,Mike,Pompeo,Republican Party,KS
412308,Jared,Polis,Democratic Party,CO
400652,Ted,Poe,Republican Party,TX
400320,Joseph,Pitts,Republican Party,PA
412307,Chellie,Pingree,Democratic Party,ME
412306,Pedro,Pierluisi,Democratic Party,PR
400316,Collin,Peterson,Democratic Party,MN
412305,Gary,Peters,Democratic Party,MI
412192,Ed,Perlmutter,Democratic Party,CO
400314,Nancy,Pelosi,Democratic Party,CA
400313,Stevan,Pearce,Republican Party,NM
412303,Erik,Paulsen,Republican Party,MN
412492,Rand,Paul,Republican Party,KY
400309,Bill,Pascrell,Democratic Party,NJ
400308,Frank,Pallone,Democratic Party,NJ
412443,Steven,Palazzo,Republican Party,MS
412302,Pete,Olson,Republican Party,TX
400297,Devin,Nunes,Republican Party,CA
412409,Richard,Nugent,Republican Party,FL
400295,Eleanor,Norton,Democratic Party,DC
412475,Kristi,Noem,Republican Party,SD
400441,Randy,Neugebauer,Republican Party,TX
400291,Richard,Neal,Democratic Party,MA
400290,Grace,Napolitano,Democratic Party,CA
400289,Jerrold,Nadler,Democratic Party,NY
300076,Patty,Murray,Democratic Party,WA
400285,Tim,Murphy,Republican Party,PA
412194,Christopher,Murphy,Democratic Party,CT
300075,Lisa,Murkowski,Republican Party,AK
412474,Mick,Mulvaney,Republican Party,SC
400284,Jerry,Moran,Republican Party,KS
400661,Gwen,Moore,Democratic Party,WI
400279,Jeff,Miller,Republican Party,FL
400276,Candice,Miller,Republican Party,MI
300073,Barbara,Mikulski,Democratic Party,MD
400273,John,Mica,Republican Party,FL
400271,Gregory,Meeks,Democratic Party,NY
412466,Patrick,Meehan,Republican Party,PA
412189,Jerry,McNerney,Democratic Party,CA
400659,Cathy,McMorris Rodgers,Republican Party,WA
412487,David,McKinley,Republican Party,WV
400644,Patrick,McHenry,Republican Party,NC
400263,James,McGovern,Democratic Party,MA
400262,Jim,McDermott,Democratic Party,WA
400259,Betty,McCollum,Democratic Party,MN
412295,Tom,McClintock,Republican Party,CA
400654,Michael,McCaul,Republican Party,TX
412190,Kevin,McCarthy,Republican Party,CA
300071,John,McCain,Republican Party,AZ
400663,Doris,Matsui,Democratic Party,CA
400253,Edward,Markey,Democratic Party,MA
412468,Tom,Marino,Republican Party,PA
400656,Kenny,Marchant,Republican Party,TX
400251,Carolyn,Maloney,Democratic Party,NY
400249,Stephen,Lynch,Democratic Party,MA
412294,Cynthia,Lummis,Republican Party,WY
412293,Ben,Luján,Democratic Party,NM
412292,Blaine,Luetkemeyer,Republican Party,MO
400247,Frank,Lucas,Republican Party,OK
400246,Nita,Lowey,Democratic Party,NY
412445,Billy,Long,Republican Party,MO
400245,Zoe,Lofgren,Democratic Party,CA
412209,David,Loebsack,Democratic Party,IA
400244,Frank,LoBiondo,Republican Party,NJ
400630,Daniel,Lipinski,Democratic Party,IL
400240,John,Lewis,Democratic Party,GA
400238,Sander,Levin,Democratic Party,MI
412495,Mike,Lee,Republican Party,UT
400237,Barbara,Lee,Democratic Party,CA
300065,Patrick,Leahy,Democratic Party,VT
412256,Robert,Latta,Republican Party,OH
400233,John,Larson,Democratic Party,CT
400232,Rick,Larsen,Democratic Party,WA
412464,James,Lankford,Republican Party,OK
400230,James,Langevin,Democratic Party,RI
412290,Leonard,Lance,Republican Party,NJ
412191,Doug,Lamborn,Republican Party,CO
412419,Raúl,Labrador,Republican Party,ID
400224,John,Kline,Republican Party,MN
400222,Mark,Kirk,Republican Party,IL
412421,Adam,Kinzinger,Republican Party,IL
400220,Steve,King,Republican Party,IA
400219,Peter,King,Republican Party,NY
400218,Ron,Kind,Democratic Party,WI
412465,Mike,Kelly,Republican Party,PA
412435,William,Keating,Democratic Party,MA
400211,Marcy,Kaptur,Democratic Party,OH
412226,Jim,Jordan,Republican Party,OH
400209,Walter,Jones,Republican Party,NC
400206,Sam,Johnson,Republican Party,TX
412496,Ron,Johnson,Republican Party,WI
412199,Henry,Johnson,Democratic Party,GA
400204,Eddie,Johnson,Democratic Party,TX
412460,Bill,Johnson,Republican Party,OH
412284,Lynn,Jenkins,Republican Party,KS
400199,Sheila,Jackson Lee,Democratic Party,TX
400196,Darrell,Issa,Republican Party,CA
400195,Steve,Israel,Democratic Party,NY
400194,John,Isakson,Republican Party,GA
412484,Robert,Hurt,Republican Party,VA
412283,Duncan,Hunter,Republican Party,CA
412422,Randy,Hultgren,Republican Party,IL
412437,Bill,Huizenga,Republican Party,MI
412429,Tim,Huelskamp,Republican Party,KS
400189,Steny,Hoyer,Democratic Party,MD
400185,Michael,Honda,Democratic Party,CA
412494,John,Hoeven,Republican Party,ND
412200,Mazie,Hirono,Democratic Party,HI
400179,Rubén,Hinojosa,Democratic Party,TX
412282,James,Himes,Democratic Party,CT
400641,Brian,Higgins,Democratic Party,NY
412486,Jaime,Herrera Beutler,Republican Party,WA
400175,Jeb,Hensarling,Republican Party,TX
412281,Martin,Heinrich,Democratic Party,NM
412446,Joseph,Heck,Republican Party,NV
400170,Alcee,Hastings,Democratic Party,FL
412444,Vicky,Hartzler,Republican Party,MO
412434,Andy,Harris,Republican Party,MD
412280,Gregg,Harper,Republican Party,MS
412454,Richard,Hanna,Republican Party,NY
400163,Luis,Gutiérrez,Democratic Party,IL
412278,Brett,Guthrie,Republican Party,KY
412447,Frank,Guinta,Republican Party,NH
400162,Raúl,Grijalva,Democratic Party,AZ
412485,H.,Griffith,Republican Party,VA
400160,Gene,Green,Democratic Party,TX
400653,Al,Green,Democratic Party,TX
412388,Tom,Graves,Republican Party,GA
400158,Sam,Graves,Republican Party,MO
300048,Charles,Grassley,Republican Party,IA
400157,Kay,Granger,Republican Party,TX
412473,Trey,Gowdy,Republican Party,SC
412397,Paul,Gosar,Republican Party,AZ
400154,Bob,Goodlatte,Republican Party,VA
400651,Louie,Gohmert,Republican Party,TX
412453,Christopher,Gibson,Republican Party,NY
412463,Bob,Gibbs,Republican Party,OH
400145,Scott,Garrett,Republican Party,NJ
412406,Cory,Gardner,Republican Party,CO
412382,John,Garamendi,Democratic Party,CA
412327,Marcia,Fudge,Democratic Party,OH
400142,Rodney,Frelinghuysen,Republican Party,NJ
400141,Trent,Franks,Republican Party,AZ
400643,Virginia,Foxx,Republican Party,NC
400640,Jeff,Fortenberry,Republican Party,NE
400137,J.,Forbes,Republican Party,VA
412480,Bill,Flores,Republican Party,TX
412275,John,Fleming,Republican Party,LA
412476,Charles,Fleischmann,Republican Party,TN
400134,Jeff,Flake,Republican Party,AZ
400646,Michael,Fitzpatrick,Republican Party,PA
412479,Stephen,Fincher,Republican Party,TN
400130,Chaka,Fattah,Democratic Party,PA
400129,Sam,Farr,Democratic Party,CA
412482,Blake,Farenthold,Republican Party,TX
400124,Anna,Eshoo,Democratic Party,CA
400122,Eliot,Engel,Democratic Party,NY
412457,Renee,Ellmers,Republican Party,NC
412215,Keith,Ellison,Democratic Party,MN
412263,Donna,Edwards,Democratic Party,MD
400116,John,Duncan,Republican Party,TN
412472,Jeff,Duncan,Republican Party,SC
412488,Sean,Duffy,Republican Party,WI
400114,Michael,Doyle,Democratic Party,PA
412205,Joe,Donnelly,Democratic Party,IN
412420,Bob,Dold,Republican Party,IL
400111,Lloyd,Doggett,Democratic Party,TX
400108,Mario,Diaz-Balart,Republican Party,FL
412385,Theodore,Deutch,Democratic Party,FL
412477,Scott,DesJarlais,Republican Party,TN
400648,Charles,Dent,Republican Party,PA
412403,Jeff,Denham,Republican Party,CA
400103,Rosa,DeLauro,Democratic Party,CT
400101,Diana,DeGette,Democratic Party,CO
400100,Peter,DeFazio,Democratic Party,OR
400097,Susan,Davis,Democratic Party,CA
400093,Danny,Davis,Democratic Party,IL
400090,Elijah,Cummings,Democratic Party,MD
400089,John,Culberson,Republican Party,TX
400657,Henry,Cuellar,Democratic Party,TX
400087,Joseph,Crowley,Democratic Party,NY
400086,Ander,Crenshaw,Republican Party,FL
412400,Eric,Crawford,Republican Party,AR
300030,Michael,Crapo,Republican Party,ID
412193,Joe,Courtney,Democratic Party,CT
400618,Jim,Costa,Democratic Party,CA
400081,Jim,Cooper,Democratic Party,TN
400080,John,Conyers,Democratic Party,MI
412272,Gerald,Connolly,Democratic Party,VA
400655,K.,Conaway,Republican Party,TX
400077,Tom,Cole,Republican Party,OK
412602,John,Walsh,Democratic Party,MT
412597,Jeffrey,Chiesa,Republican Party,NJ
412586,William,Cowan,Democratic Party,MA
400629,Barack,Obama,Democratic Party,IL
412389,Carte,Goodwin,Democratic Party,WV
412381,Paul,Kirk,Democratic Party,MA
412380,George,LeMieux,Republican Party,FL
412329,Edward,Kaufman,Democratic Party,DE
412328,Roland,Burris,Democratic Party,IL
412229,Zachary,Space,Democratic Party,OH
408839,Glenn,Poshard,Democratic Party,IL
300151,Tim,Hutchinson,Republican Party,AR
300154,Jesse,Helms,Republican Party,NC
300159,Phil,Gramm,Republican Party,TX
300152,J.,Cleland,Democratic Party,GA
404281,Sheila,Frahm,Republican Party,KS
411677,John,Williams,Democratic Party,MT
411166,Harold,Volkmer,Democratic Party,MO
410496,Gerry,Studds,Democratic Party,MA
400565,William,Roth,Republican Party,DE
400564,Charles,Robb,Democratic Party,VA
400563,Daniel,Moynihan,Democratic Party,NY
400562,Connie,Mack,Republican Party,FL
400561,J.,Kerrey,Democratic Party,NE
405939,Andrew,Jacobs,Democratic Party,IN
405258,James,Hayes,Republican Party,LA
400560,Rod,Grams,Republican Party,MN
400559,T.,Gorton,Republican Party,WA
402762,Barbara-Rose,Collins,Democratic Party,MI
402412,John,Chafee,Republican Party,RI
400557,Richard,Bryan,Democratic Party,NV
400556,John,Ashcroft,Republican Party,MO
400555,Spencer,Abraham,Republican Party,MI
409219,Thomas,Ridge,Republican Party,PA
408420,Robert,Packwood,Republican Party,OR
408052,Austin,Murphy,Democratic Party,PA
407992,Carol,Moseley Braun,Democratic Party,IL
407254,Harlan,Mathews,Democratic Party,TN
406487,Robert,Krueger,Democratic Party,TX
406256,Dirk,Kempthorne,Republican Party,ID
404723,Frederick,Grandy,Republican Party,IA
404598,John,Glenn,Democratic Party,OH
404219,Wendell,Ford,Democratic Party,KY
404083,Eric,Fingerhut,Democratic Party,OH
403968,Duncan,Faircloth,Republican Party,NC
403873,Glenn,English,Democratic Party,OK
403515,Robert,Dole,Republican Party,KS
403142,Alfonse,D_Amato,Republican Party,NY
402004,Dale,Bumpers,Democratic Party,AR
402022,Jocelyn,Burdick,Democratic Party,ND
411818,Harris,Wofford,Democratic Party,PA
409923,Alan,Simpson,Republican Party,WY
409917,Paul,Simon,Democratic Party,IL
409770,John,Seymour,Republican Party,CA
408939,David,Pryor,Democratic Party,AR
408898,Larry,Pressler,Republican Party,SD
408632,Carl,Perkins,Democratic Party,KY
408597,Claiborne,Pell,Democratic Party,RI
408313,Mary,Oakar,Democratic Party,OH
408252,Samuel,Nunn,Democratic Party,GA
408244,Henry,Nowak,Democratic Party,NY
408179,Richard,Nichols,Republican Party,KS
407471,Matthew,McHugh,Democratic Party,NY
407162,Ronald,Marlenee,Republican Party,MT
406188,Nancy,Kassebaum,Republican Party,KS
406084,John,Johnston,Democratic Party,LA
405646,Frank,Horton,Republican Party,NY
405580,Clyde,Holloway,Republican Party,LA
405310,Howell,Heflin,Democratic Party,AL
405212,Mark,Hatfield,Republican Party,OR
404856,Frank,Guarini,Democratic Party,NJ
404679,Albert,Gore,Democratic Party,TN
403962,J.,Exon,Democratic Party,NE
403529,Brian,Donnelly,Democratic Party,MA
402727,William,Cohen,Republican Party,ME
401874,George,Brown,Republican Party,CO
401847,William,Broomfield,Republican Party,MI
401709,William,Bradley,Democratic Party,NJ
401604,David,Boren,Democratic Party,OK
411762,Pete,Wilson,Republican Party,CA
411271,Malcolm,Wallop,Republican Party,WY
410064,Larkin,Smith,Republican Party,MS
409580,James,Sasser,Democratic Party,TN
409225,Donald,Riegle,Democratic Party,MI
407786,George,Mitchell,Democratic Party,ME
407663,Howard,Metzenbaum,Democratic Party,OH
407268,Spark,Matsunaga,Democratic Party,HI
406995,Donald,Lukens,Republican Party,OH
405321,Henry,Heinz,Republican Party,PA
403669,David,Durenberger,Republican Party,MN
403346,Dennis,DeConcini,Democratic Party,AZ
403171,John,Danforth,Republican Party,MO
402023,Quentin,Burdick,Democratic Party,ND
401391,Lloyd,Bentsen,Democratic Party,TX
411801,Timothy,Wirth,Democratic Party,CO
410588,Steven,Symms,Republican Party,ID
409456,Warren,Rudman,Republican Party,NH
408970,James,Quayle,Republican Party,IN
408907,Charles,Price,Democratic Party,IL
406255,Jack,Kemp,Republican Party,NY
406190,Robert,Kasten,Republican Party,WI
406183,David,Karnes,Republican Party,NE
404750,Kenneth,Gray,Democratic Party,IL
404444,Edwin,Garn,Republican Party,UT
404277,Wyche,Fowler,Democratic Party,GA
403483,Alan,Dixon,Democratic Party,IL
402990,Alan,Cranston,Democratic Party,CA
400692,Brockman,Adams,Democratic Party,WA
401918,James,Broyhill,Republican Party,NC
409562,James,Sanford,Democratic Party,NC
407355,James,McClure,Republican Party,ID
407002,Stanley,Lundine,Democratic Party,NY
405795,Gordon,Humphrey,Republican Party,NH
403728,Fred,Eckert,Republican Party,NY
401611,Rudolph,Boschwitz,Republican Party,MN
401291,Berkley,Bedell,Democratic Party,IA
400927,William,Armstrong,Republican Party,CO
412006,Edward,Zorinsky,Democratic Party,NE
411685,Lyle,Williams,Republican Party,OH
411421,Lowell,Weicker,Republican Party,CT
410936,Paul,Trible,Republican Party,VA
410315,John,Stennis,Democratic Party,MS
410242,Robert,Stafford,Republican Party,VT
408937,William,Proxmire,Democratic Party,WI
407622,John,Melcher,Democratic Party,MT
405920,Henry,Jackson,Democratic Party,WA
405305,Jacob,Hecht,Republican Party,NV
404236,Edwin,Forsythe,Republican Party,NJ
403920,Daniel,Evans,Republican Party,WA
402495,Lawton,Chiles,Democratic Party,FL
401715,Nicholas,Brady,Republican Party,NJ
409572,James,Santini,Democratic Party,NV
409279,Clint,Roberts,Republican Party,SD
408011,Ronald,Mottl,Democratic Party,OH
407813,Anthony,Moffett,Democratic Party,CT
407275,Mack,Mattingly,Republican Party,GA
407259,Charles,Mathias,Republican Party,MD
407159,Marc,Marks,Republican Party,PA
406918,Russell,Long,Democratic Party,LA
406653,Paul,Laxalt,Republican Party,NV
405242,Paula,Hawkins,Republican Party,FL
405161,Gary,Hart,Democratic Party,CO
404629,Barry,Goldwater,Republican Party,AZ
404079,Paul,Findley,Republican Party,IL
403713,John,East,Republican Party,NC
403700,Thomas,Eagleton,Democratic Party,MO
403397,Jeremiah,Denton,Republican Party,AL
401819,William,Brodhead,Democratic Party,MI
400978,Eugene,Atkinson,Republican Party,PA
400881,Mark,Andrews,Republican Party,ND
400672,James,Abdnor,Republican Party,SD
411126,Charles,Vanik,Democratic Party,OH
410962,Paul,Tsongas,Democratic Party,MA
410894,John,Tower,Republican Party,TX
409027,Jennings,Randolph,Democratic Party,WV
408625,Charles,Percy,Republican Party,IL
408514,Edward,Patten,Democratic Party,NJ
406003,Roger,Jepsen,Republican Party,IA
405751,Walter,Huddleston,Democratic Party,KY
405040,James,Hanley,Democratic Party,NY
402058,William,Burlison,Democratic Party,MO
401067,Howard,Baker,Republican Party,TN
410368,Donald,Stewart,Democratic Party,AL
405800,Muriel,Humphrey,Democratic Party,MN
405213,Paul,Hatfield,Democratic Party,MT
400795,Maryon,Allen,Democratic Party,AL
411659,Harrison,Williams,Democratic Party,NJ
409640,Harrison,Schmitt,Republican Party,NM
408083,Edmund,Muskie,Democratic Party,ME
405797,Hubert,Humphrey,Democratic Party,MN
405529,Kaneaster,Hodges,Democratic Party,AR
405252,Samuel,Hayakawa,Republican Party,CA
402271,Howard,Cannon,Democratic Party,NV
402149,Harry,Byrd,Independent,VA
400832,Joseph,Ammerman,Democratic Party,PA
400862,Wendell,Anderson,Democratic Party,MN
411979,Milton,Young,Republican Party,ND
410624,Herman,Talmadge,Democratic Party,GA
410421,Richard,Stone,Democratic Party,FL
410351,Adlai,Stevenson,Democratic Party,IL
409666,Richard,Schweiker,Republican Party,PA
409167,Abraham,Ribicoff,Democratic Party,CT
408123,Gaylord,Nelson,Democratic Party,WI
407926,Thomas,Morgan,Democratic Party,PA
407924,Robert,Morgan,Democratic Party,NC
407451,George,McGovern,Democratic Party,SD
407081,Warren,Magnuson,Democratic Party,WA
405969,Jacob,Javits,Republican Party,NY
405304,Kenneth,Hechler,Democratic Party,WV
405198,James,Hastings,Republican Party,NY
404738,Maurice,Gravel,Democratic Party,AK
403677,John,Durkin,Democratic Party,NH
403090,John,Culver,Democratic Party,IA
402921,Norris,Cotton,Republican Party,NH
402527,Frank,Church,Democratic Party,ID
401343,Henry,Bellmon,Republican Party,OK
401248,Birch,Bayh,Democratic Party,IN
400783,James,Allen,Democratic Party,AL
411930,Louis,Wyman,Republican Party,NH
410172,John,Sparkman,Democratic Party,AL
410030,Henry,Smith,Republican Party,NY
409694,William,Scott,Republican Party,VA
408571,James,Pearson,Republican Party,KS
407824,Walter,Mondale,Democratic Party,MN
407656,Lee,Metcalf,Democratic Party,MT
407481,Thomas,McIntyre,Democratic Party,NH
407342,John,McClellan,Democratic Party,AR
405752,William,Hudnut,Republican Party,IN
405215,William,Hathaway,Democratic Party,ME
405190,Floyd,Haskell,Democratic Party,CO
405052,Clifford,Hansen,Republican Party,WY
404810,Robert,Griffin,Republican Party,MI
404650,George,Goodling,Republican Party,PA
403714,James,Eastland,Democratic Party,MS
403633,Thaddeus,Dulski,Democratic Party,NY
403372,Frank,Denholm,Democratic Party,SD
403238,Glenn,Davis,Republican Party,WI
403113,Carl,Curtis,Republican Party,NE
402766,George,Collins,Democratic Party,IL
402586,Richard,Clark,Democratic Party,IA
402366,Clifford,Case,Republican Party,NJ
300008,Joseph,Biden,Democratic Party,DE
300097,Craig,Thomas,Republican Party,WY
401828,Edward,Brooke,Republican Party,MA
401199,Dewey,Bartlett,Republican Party,OK
400679,James,Abourezk,Democratic Party,SD
403761,Elaine,Edwards,Democratic Party,LA
410979,John,Tunney,Democratic Party,CA
410600,Robert,Taft,Republican Party,OH
410586,William,Symington,Democratic Party,MO
409680,Hugh,Scott,Republican Party,PA
408508,John,Pastore,Democratic Party,RI
408292,Alvin,O_Konski,Republican Party,WI
408000,Frank,Moss,Democratic Party,UT
407848,Joseph,Montoya,Democratic Party,NM
407444,Gale,McGee,Democratic Party,WY
407410,Jack,McDonald,Republican Party,MI
407137,Michael,Mansfield,Democratic Party,MT
406826,Arthur,Link,Democratic Party,ND
406223,Hastings,Keith,Republican Party,MA
406208,James,Kee,Democratic Party,WV
405721,Roman,Hruska,Republican Party,NE
405170,Rupert,Hartke,Democratic Party,IN
405164,Philip,Hart,Democratic Party,MI
404410,David,Gambrell,Democratic Party,GA
404364,James,Fulton,Republican Party,PA
404199,Hiram,Fong,Republican Party,HI
403975,Paul,Fannin,Republican Party,AZ
401976,James,Buckley,Conservative,NY
401808,William,Brock,Republican Party,TN
401266,John,Beall,Republican Party,MD
408200,Richard,Nixon,Republican Party,CA
410080,Ralph,Smith,Republican Party,IL
409607,William,Saxbe,Republican Party,OH
405767,Harold,Hughes,Democratic Party,IA
404876,Edward,Gurney,Republican Party,FL
404343,James,Fulbright,Democratic Party,AR
403898,Samuel,Ervin,Democratic Party,NC
403522,Peter,Dominick,Republican Party,CO
401422,Alan,Bible,Democratic Party,NV
401375,Wallace,Bennett,Republican Party,UT
400722,George,Aiken,Republican Party,VT
404643,Charles,Goodell,Republican Party,NY
402844,Marlow,Cook,Republican Party,KY
411228,E.,Walker,Democratic Party,NM
410070,Margaret,Smith,Republican Party,ME
409493,Richard,Russell,Democratic Party,GA
408043,Karl,Mundt,Republican Party,SD
407709,Jack,Miller,Republican Party,IA
406161,Leonard,Jordan,Republican Party,ID
406159,Benjamin,Jordan,Democratic Party,NC
405115,Fred,Harris,Democratic Party,OK
403803,Allen,Ellender,Democratic Party,LA
402878,John,Cooper,Republican Party,KY
401561,James,Boggs,Republican Party,DE
401200,Edward,Bartlett,Democratic Party,AK
400841,Clinton,Anderson,Democratic Party,NM
400816,Gordon,Allott,Republican Party,CO
410208,William,Spong,Democratic Party,VA
411985,Stephen,Young,Democratic Party,OH
411940,Ralph,Yarborough,Democratic Party,TX
411675,John,Williams,Republican Party,DE
411013,Joseph,Tydings,Democratic Party,MD
410555,Robert,Sweeney,Democratic Party,OH
409895,Carlton,Sickles,Democratic Party,MD
409483,Donald,Russell,Democratic Party,SC
408936,Winston,Prouty,Republican Party,VT
408056,George,Murphy,Republican Party,CA
407324,Eugene,McCarthy,Democratic Party,MN
406280,Robert,Kennedy,Democratic Party,NY
405572,Spessard,Holland,Democratic Party,FL
405054,John,Hansen,Democratic Party,IA
404678,Albert,Gore,Democratic Party,TN
403505,Thomas,Dodd,Democratic Party,CT
409536,Pierre,Salinger,Democratic Party,CA
401219,Ross,Bass,Democratic Party,TN
406058,Lyndon,Johnson,Democratic Party,TX
411288,Herbert,Walters,Democratic Party,TN
410241,Neil,Staebler,Democratic Party,MI
409992,George,Smathers,Democratic Party,FL
409285,Kenneth,Roberts,Democratic Party,AL
408258,Hjalmar,Nygaard,Republican Party,ND
407989,Thruston,Morton,Republican Party,KY
407981,Wayne,Morse,Democratic Party,OR
407832,Almer,Monroney,Democratic Party,OK
407740,William,Miller,Republican Party,NY
406906,Edward,Long,Democratic Party,MO
406755,John,Lesinski,Democratic Party,MI
406628,Frank,Lausche,Democratic Party,OH
406489,Thomas,Kuchel,Republican Party,CA
406090,Olin,Johnston,Democratic Party,SC
405460,Joseph,Hill,Democratic Party,AL
405421,Bourke,Hickenlooper,Republican Party,IA
405253,Carl,Hayden,Democratic Party,AZ
404853,Ernest,Gruening,Democratic Party,AK
403750,James,Edmondson,Democratic Party,OK
403477,Everett,Dirksen,Republican Party,IL
402582,Joseph,Clark,Democratic Party,PA
402303,Frank,Carlson,Republican Party,KS
401770,Daniel,Brewster,Democratic Party,MD
409928,Milward,Simpson,Republican Party,WY
407612,Edwin,Mechem,Republican Party,NM
401619,Joseph,Bottum,Republican Party,SD
406274,John,Kennedy,Democratic Party,MA
411424,Jessica,Weis,Republican Party,NY
409646,Andrew,Schoeppel,Republican Party,KS
409540,Leverett,Saltonstall,Republican Party,MA
409288,Absalom,Robertson,Democratic Party,VA
408221,William,Norrell,Democratic Party,AR
408064,Maurice,Murphy,Republican Party,NH
408012,Morgan,Moulder,Democratic Party,MO
407573,Patrick,McNamara,Democratic Party,MI
406474,Frank,Kowalski,Democratic Party,CT
406310,Robert,Kerr,Democratic Party,OK
406214,Carey,Kefauver,Democratic Party,TN
405423,John,Hickey,Democratic Party,WY
403688,Henry,Dworshak,Republican Party,ID
403566,Paul,Douglas,Democratic Party,IL
300069,Trent,Lott,Republican Party,MS
300059,Edward,Kennedy,Democratic Party,MA
300040,John,Ensign,Republican Party,NV
300022,Hillary,Clinton,Democratic Party,NY
300016,Robert,Byrd,Democratic Party,WV
300098,George,Voinovich,Republican Party,OH
401511,William,Blakley,Democratic Party,TX
400763,Thomas,Alford,Democratic Party,AR
410001,Benjamin,Smith,Democratic Party,MA
408140,Maurine,Neuberger,Democratic Party,OR
407005,Hall,Lusk,Democratic Party,OR
410114,Wint,Smith,Republican Party,KS
409093,Daniel,Reed,Republican Party,NY
407448,Donald,McGinley,Democratic Party,NE
406915,Oren,Long,Democratic Party,HI
406206,Kenneth,Keating,Republican Party,NY
403870,Clair,Engle,Democratic Party,CA
402478,Dennis,Chavez,Democratic Party,NM
402148,Harry,Byrd,Democratic Party,VA
402071,John,Burns,Democratic Party,HI
401934,Clarence,Brunsdale,Republican Party,ND
401265,James,Beall,Republican Party,MD
405520,John,Hoblitzell,Republican Party,WV
411622,Alexander,Wiley,Republican Party,WI
411607,Richard,Wigglesworth,Republican Party,MA
411179,Charles,Vursell,Republican Party,IL
408991,Edmund,Radwan,Republican Party,NY
406456,Coya,Knutson,Democratic Party,MN
405365,Thomas,Hennings,Democratic Party,MO
403724,Herman,Eberharter,Democratic Party,PA
403456,Martin,Dies,Democratic Party,TX
402367,Francis,Case,Republican Party,SD
402336,John,Carroll,Democratic Party,CO
402278,Homer,Capehart,Republican Party,IN
402122,John,Butler,Republican Party,MD
402109,Prescott,Bush,Republican Party,CT
411819,Thomas,Wofford,Democratic Party,SC
409144,William,Revercomb,Republican Party,WV
406535,William,Laird,Democratic Party,WV
405807,Robert,Humphreys,Democratic Party,KY
408141,Richard,Neuberger,Democratic Party,OR
408115,Matthew,Neely,Democratic Party,WV
408072,James,Murray,Democratic Party,MT
407219,Thomas,Martin,Republican Party,IA
404766,Theodore,Green,Democratic Party,RI
404303,Joseph,Frear,Democratic Party,DE
401959,Vera,Buchanan,Democratic Party,PA
401780,Henry,Bridges,Republican Party,NH
401146,Alben,Barkley,Democratic Party,KY
409692,William,Scott,Democratic Party,NC
409156,Samuel,Reynolds,Republican Party,NE
408296,Joseph,O_Mahoney,Democratic Party,WY
403172,Charles,Daniel,Democratic Party,SC
403018,Edward,Crippa,Republican Party,WY
401869,Ernest,Brown,Republican Party,NV
401671,Eva,Bowring,Republican Party,NE
401348,George,Bender,Republican Party,OH
400673,Hazel,Abel,Republican Party,NE
411362,Arthur,Watkins,Republican Party,UT
411054,Robert,Upton,Republican Party,NH
410834,Edward,Thye,Republican Party,MN
410035,Howard,Smith,Republican Party,NJ
408958,William,Purtell,Republican Party,CT
408554,Frederick,Payne,Republican Party,ME
407327,Joseph,McCarthy,Republican Party,WI
407199,Edward,Martin,Republican Party,PA
407112,George,Malone,Republican Party,NV
406579,William,Langer,Republican Party,ND
406448,William,Knowland,Republican Party,CA
406339,Harley,Kilgore,Democratic Party,WV
405995,William,Jenner,Republican Party,IN
405905,Irving,Ives,Republican Party,NY
404620,James,Golden,Republican Party,KY
404145,Ralph,Flanders,Republican Party,VT
403176,Marion,Daniel,Democratic Party,TX
403044,Robert,Crosser,Democratic Party,OH
402119,Hugh,Butler,Republican Party,NE
402044,Thomas,Burke,Democratic Party,OH
401777,John,Bricker,Republican Party,OH
401467,Cecil,Bishop,Republican Party,IL
401237,Laurie,Battle,Democratic Party,AL
401177,Frank,Barrett,Republican Party,WY
408847,Charles,Potter,Republican Party,MI
404826,Dwight,Griswold,Republican Party,NE
411435,Herman,Welker,Republican Party,ID
411038,Thomas,Underwood,Democratic Party,KY
410862,Charles,Tobey,Republican Party,NH
410599,Robert,Taft,Republican Party,OH
409719,Frederick,Seaton,Republican Party,NE
407850,Arthur,Moody,Democratic Party,MI
407749,Eugene,Millikin,Republican Party,CO
407551,Brien,McMahon,Democratic Party,CT
407322,Patrick,McCarran,Democratic Party,NV
406728,Herbert,Lehman,Democratic Party,NY
405532,Clyde,Hoey,Democratic Party,NC
405308,Erland,Hedrick,Democratic Party,WV
404501,Walter,George,Democratic Party,GA
404024,Frank,Fellows,Republican Party,ME
403626,James,Duff,Republican Party,PA
403387,Harmar,Denny,Republican Party,PA
402121,John,Butler,Republican Party,NY
401952,Frank,Buchanan,Democratic Party,PA
410113,Willis,Smith,Democratic Party,NC
402642,Earle,Clements,Democratic Party,KY
411737,George,Wilson,Democratic Party,OK
411506,Kenneth,Wherry,Republican Party,NE
408686,William,Pfeiffer,Republican Party,NY
407698,Bert,Miller,Democratic Party,ID
407296,Burnet,Maybank,Democratic Party,SC
406676,Edward,Leahy,Democratic Party,RI
406184,Raymond,Karst,Democratic Party,MO
406026,Edwin,Johnson,Democratic Party,CO
405819,Lester,Hunt,Democratic Party,WY
405358,Robert,Hendrickson,Republican Party,NJ
404708,Frank,Graham,Democratic Party,NC
404569,Guy,Gillette,Democratic Party,IA
404039,Homer,Ferguson,Republican Party,MI
403632,John,Dulles,Republican Party,NY
403226,John,Davies,Democratic Party,NY
403187,Harry,Darby,Republican Party,KS
402894,Guy,Cordon,Republican Party,OR
402715,Robert,Coffey,Democratic Party,PA
402459,Virgil,Chapman,Democratic Party,KY
401390,William,Benton,Democratic Party,CT
404017,William,Feazel,Democratic Party,LA
402111,Vera,Bushfield,Republican Party,SD
401851,Joseph,Broughton,Democratic Party,NC
300092,Arlen,Specter,Democratic Party,PA
400619,Ken,Salazar,Democratic Party,CO
400621,Mel,Martinez,Republican Party,FL
300068,Blanche,Lincoln,Democratic Party,AR
300049,Judd,Gregg,Republican Party,NH
300042,Russell,Feingold,Democratic Party,WI
300037,Byron,Dorgan,Democratic Party,ND
300034,Christopher,Dodd,Democratic Party,CT
411118,Arthur,Vandenberg,Republican Party,MI
410456,William,Stratton,Republican Party,IL
409329,John,Robsion,Republican Party,KY
408586,Preston,Peden,Democratic Party,OK
408280,Herbert,O_Conor,Democratic Party,MD
407494,Kenneth,McKellar,Democratic Party,TN
407455,James,McGrath,Democratic Party,RI
407437,Ernest,McFarland,Democratic Party,AZ
300014,Jim,Bunning,Republican Party,KY
300013,Samuel,Brownback,Republican Party,KS
300010,Christopher,Bond,Republican Party,MO
300007,Robert,Bennett,Republican Party,UT
300006,Evan,Bayh,Democratic Party,IN
300099,John,Warner,Republican Party,VA
300095,John,Sununu,Republican Party,NH
300094,Ted,Stevens,Republican Party,AK
300090,Gordon,Smith,Republican Party,OR
300050,Charles,Hagel,Republican Party,NE
300036,Pete,Domenici,Republican Party,NM
300035,Elizabeth,Dole,Republican Party,NC
300029,Larry,Craig,Republican Party,ID
300024,Norm,Coleman,Republican Party,MN
300003,Wayne,Allard,Republican Party,CO
300096,James,Talent,Republican Party,MO
401147,Dean,Barkley,Independent,MN
300086,Paul,Sarbanes,Democratic Party,MD
300085,Richard,Santorum,Republican Party,PA
300057,James,Jeffords,Independent,VT
300045,William,Frist,Republican Party,TN
300033,Michael,DeWine,Republican Party,OH
300032,Mark,Dayton,Democratic Party,MN
300028,Jon,Corzine,Democratic Party,NJ
300020,Lincoln,Chafee,Republican Party,RI
300153,Jean,Carnahan,Democratic Party,MO
300015,Conrad,Burns,Republican Party,MT
300004,George,Allen,Republican Party,VA
300074,Zell,Miller,Democratic Party,GA
300079,Don,Nickles,Republican Party,OK
300150,Frank,Murkowski,Republican Party,AK
300053,Ernest,Hollings,Democratic Party,SC
300046,Bob,Graham,Democratic Party,FL
300044,Peter,Fitzgerald,Republican Party,IL
300039,John,Edwards,Democratic Party,NC
300031,Thomas,Daschle,Democratic Party,SD
400558,Paul,Coverdell,Republican Party,GA
300017,Ben,Campbell,Republican Party,CO
300012,John,Breaux,Democratic Party,LA
400566,Paul,Wellstone,Democratic Party,MN
300156,Robert,Torricelli,Democratic Party,NJ
300157,J.,Thurmond,Republican Party,SC
300158,Fred,Thompson,Republican Party,TN
300155,Robert,Smith,Republican Party,NH